,mean_fit_time,std_fit_time,mean_score_time,std_score_time,param_batch_size,param_learning_rate,params,split0_test_accuracy,split1_test_accuracy,split2_test_accuracy,split3_test_accuracy,split4_test_accuracy,mean_test_accuracy,std_test_accuracy,rank_test_accuracy,split0_test_roc_auc,split1_test_roc_auc,split2_test_roc_auc,split3_test_roc_auc,split4_test_roc_auc,mean_test_roc_auc,std_test_roc_auc,rank_test_roc_auc
0,1.3755526065826416,0.10041963755452503,0.09834380149841308,0.0043747517512736965,32,0.001,"{'batch_size': 32, 'learning_rate': 0.001}",0.5416666666666666,0.625,0.625,0.5833333333333334,0.875,0.65,0.11666666666666667,7,,,,,,,,1
1,1.282663917541504,0.02169385159151873,0.09072232246398926,0.0034502737042618283,32,0.01,"{'batch_size': 32, 'learning_rate': 0.01}",0.5833333333333334,0.6666666666666666,0.625,0.625,0.8333333333333334,0.6666666666666667,0.08740073734751264,4,,,,,,,,1
2,0.6334808349609375,0.5075136681445931,0.03783845901489258,0.04454939826106249,32,0.1,"{'batch_size': 32, 'learning_rate': 0.1}",0.5833333333333334,0.6666666666666666,0.625,0.625,0.9166666666666666,0.6833333333333333,0.119605834120061,3,,,,,,,,1
3,0.23550167083740234,0.01939018924153318,0.0020320892333984377,0.0019129546594762526,32,1.0,"{'batch_size': 32, 'learning_rate': 1.0}",0.5,0.75,0.6666666666666666,0.625,0.4583333333333333,0.6,0.10736748938937606,8,,,,,,,,1
4,1.0479308128356934,0.06540096618118554,0.001140260696411133,0.0010209806426468371,64,0.001,"{'batch_size': 64, 'learning_rate': 0.001}",0.5416666666666666,0.625,0.6666666666666666,0.5833333333333334,0.875,0.6583333333333333,0.11606990230986766,6,,,,,,,,1
5,0.9424076557159424,0.021012588263705684,0.0014001846313476563,0.001990111075874649,64,0.01,"{'batch_size': 64, 'learning_rate': 0.01}",0.5833333333333334,0.6666666666666666,0.625,0.625,0.8333333333333334,0.6666666666666667,0.08740073734751264,4,,,,,,,,1
6,0.5155402183532715,0.3153460348888488,0.00160369873046875,0.0015000625878471058,64,0.1,"{'batch_size': 64, 'learning_rate': 0.1}",0.625,0.6666666666666666,0.6666666666666666,0.625,0.875,0.6916666666666667,0.09354143466934854,2,,,,,,,,1
7,0.22120466232299804,0.037236717238058006,0.0011074066162109375,0.0015728591328982085,64,1.0,"{'batch_size': 64, 'learning_rate': 1.0}",0.7083333333333334,0.7083333333333334,0.625,0.5833333333333334,0.8333333333333334,0.6916666666666668,0.08579691784155835,1,,,,,,,,1
