,mean_fit_time,std_fit_time,mean_score_time,std_score_time,param_batch_size,param_learning_rate,params,split0_test_accuracy,split1_test_accuracy,split2_test_accuracy,split3_test_accuracy,split4_test_accuracy,mean_test_accuracy,std_test_accuracy,rank_test_accuracy,split0_test_roc_auc,split1_test_roc_auc,split2_test_roc_auc,split3_test_roc_auc,split4_test_roc_auc,mean_test_roc_auc,std_test_roc_auc,rank_test_roc_auc
0,1.2244993686676025,0.030047504976973866,0.09829931259155274,0.007219813566776673,32,0.001,"{'batch_size': 32, 'learning_rate': 0.001}",0.4166666666666667,0.7083333333333334,0.5833333333333334,0.375,0.75,0.5666666666666667,0.1504622507105649,3,,,,,,,,1
1,1.239063310623169,0.018279689895150043,0.09363126754760742,0.0065438254800981935,32,0.01,"{'batch_size': 32, 'learning_rate': 0.01}",0.4583333333333333,0.6666666666666666,0.5833333333333334,0.375,0.75,0.5666666666666667,0.1359125535858341,3,,,,,,,,1
2,0.6330654144287109,0.4900419046717992,0.03664631843566894,0.04250544536452293,32,0.1,"{'batch_size': 32, 'learning_rate': 0.1}",0.4583333333333333,0.5833333333333334,0.5833333333333334,0.4166666666666667,0.75,0.5583333333333333,0.11666666666666667,6,,,,,,,,1
3,0.23894047737121582,0.019317986536219814,0.0020005226135253905,1.2006452857984707e-06,32,1.0,"{'batch_size': 32, 'learning_rate': 1.0}",0.4166666666666667,0.375,0.625,0.5,0.3333333333333333,0.45,0.10341394704992381,8,,,,,,,,1
4,0.8834363937377929,0.05037017187358012,0.002202129364013672,0.0004038334315100988,64,0.001,"{'batch_size': 64, 'learning_rate': 0.001}",0.4166666666666667,0.625,0.625,0.4583333333333333,0.75,0.575,0.12190615698606495,2,,,,,,,,1
5,0.9239626407623291,0.02027403448955851,0.002201700210571289,0.00039856511953019187,64,0.01,"{'batch_size': 64, 'learning_rate': 0.01}",0.4583333333333333,0.625,0.5833333333333334,0.375,0.6666666666666666,0.5416666666666666,0.10865337342004415,7,,,,,,,,1
6,0.5143218040466309,0.32764684043804077,0.002200031280517578,0.0003995190765419973,64,0.1,"{'batch_size': 64, 'learning_rate': 0.1}",0.5,0.5833333333333334,0.5833333333333334,0.4166666666666667,0.75,0.5666666666666667,0.11055415967851333,3,,,,,,,,1
7,0.2044466495513916,0.0319147880677376,0.0013997077941894532,0.0004888511290031659,64,1.0,"{'batch_size': 64, 'learning_rate': 1.0}",0.5416666666666666,0.4583333333333333,0.5833333333333334,0.5833333333333334,0.75,0.5833333333333334,0.0950146187582615,1,,,,,,,,1
