,mean_fit_time,std_fit_time,mean_score_time,std_score_time,param_batch_size,param_learning_rate,params,split0_test_accuracy,split1_test_accuracy,split2_test_accuracy,split3_test_accuracy,split4_test_accuracy,mean_test_accuracy,std_test_accuracy,rank_test_accuracy,split0_test_roc_auc,split1_test_roc_auc,split2_test_roc_auc,split3_test_roc_auc,split4_test_roc_auc,mean_test_roc_auc,std_test_roc_auc,rank_test_roc_auc
0,1.1726435661315917,0.023374369654665276,0.08149981498718262,0.006333903035318807,32,0.001,"{'batch_size': 32, 'learning_rate': 0.001}",0.5833333333333334,0.6666666666666666,0.6666666666666666,0.5,0.5416666666666666,0.5916666666666666,0.06666666666666665,8,,,,,,,,1
1,1.1705182552337647,0.025389991585109028,0.08167552947998047,0.0062656555908631,32,0.01,"{'batch_size': 32, 'learning_rate': 0.01}",0.5,0.75,0.75,0.6666666666666666,0.625,0.6583333333333333,0.0927960727138337,5,,,,,,,,1
2,0.5806269168853759,0.44838866231793967,0.031421756744384764,0.03848363926202618,32,0.1,"{'batch_size': 32, 'learning_rate': 0.1}",0.5,0.75,0.75,0.6666666666666666,0.6666666666666666,0.6666666666666666,0.09128709291752769,3,,,,,,,,1
3,0.2039712905883789,0.009899171274470145,0.0,0.0,32,1.0,"{'batch_size': 32, 'learning_rate': 1.0}",0.5416666666666666,0.6666666666666666,0.7083333333333334,0.7083333333333334,0.5833333333333334,0.6416666666666667,0.06770032003863302,6,,,,,,,,1
4,0.8978109359741211,0.028645087507233265,0.0,0.0,64,0.001,"{'batch_size': 64, 'learning_rate': 0.001}",0.5416666666666666,0.75,0.6666666666666666,0.5,0.5833333333333334,0.6083333333333333,0.08975274678557507,7,,,,,,,,1
5,0.9354122638702392,0.07129521405357962,0.003124856948852539,0.006249713897705078,64,0.01,"{'batch_size': 64, 'learning_rate': 0.01}",0.5416666666666666,0.75,0.75,0.6666666666666666,0.625,0.6666666666666666,0.07905694150420949,3,,,,,,,,1
6,0.5060656547546387,0.3004209805187954,0.0008024692535400391,0.0016049385070800782,64,0.1,"{'batch_size': 64, 'learning_rate': 0.1}",0.5,0.75,0.75,0.6666666666666666,0.7083333333333334,0.675,0.09279607271383371,2,,,,,,,,1
7,0.19771475791931153,0.015932397576709764,0.0,0.0,64,1.0,"{'batch_size': 64, 'learning_rate': 1.0}",0.5833333333333334,0.6666666666666666,0.7916666666666666,0.6666666666666666,0.7916666666666666,0.7,0.08079466429027214,1,,,,,,,,1
