,mean_fit_time,std_fit_time,mean_score_time,std_score_time,param_batch_size,param_learning_rate,params,split0_test_accuracy,split1_test_accuracy,split2_test_accuracy,split3_test_accuracy,split4_test_accuracy,mean_test_accuracy,std_test_accuracy,rank_test_accuracy,split0_test_roc_auc,split1_test_roc_auc,split2_test_roc_auc,split3_test_roc_auc,split4_test_roc_auc,mean_test_roc_auc,std_test_roc_auc,rank_test_roc_auc
0,1.2910758972167968,0.11519999433768319,0.09735331535339356,0.011591425345311039,32,0.001,"{'batch_size': 32, 'learning_rate': 0.001}",0.7083333333333334,0.625,0.7083333333333334,0.5416666666666666,0.6666666666666666,0.65,0.062360956446232386,8,,,,,,,,1
1,1.479112195968628,0.03352691644171149,0.08861498832702637,0.006383693627113421,32,0.01,"{'batch_size': 32, 'learning_rate': 0.01}",1.0,0.9583333333333334,0.875,0.9166666666666666,0.8333333333333334,0.9166666666666666,0.05892556509887895,5,,,,,,,,1
2,0.7346049308776855,0.5316983612454388,0.03248758316040039,0.03760037202836298,32,0.1,"{'batch_size': 32, 'learning_rate': 0.1}",1.0,0.9583333333333334,0.875,0.9583333333333334,0.875,0.9333333333333333,0.05,2,,,,,,,,1
3,0.26762819290161133,0.04174673519574681,0.0020015716552734377,2.83868333170647e-06,32,1.0,"{'batch_size': 32, 'learning_rate': 1.0}",1.0,0.875,0.875,0.9583333333333334,0.875,0.9166666666666667,0.052704627669472995,3,,,,,,,,1
4,0.8923709869384766,0.1170007731729198,0.0020006656646728515,0.0006324101882909567,64,0.001,"{'batch_size': 64, 'learning_rate': 0.001}",0.7916666666666666,0.875,0.6666666666666666,0.7083333333333334,0.625,0.7333333333333333,0.08975274678557507,7,,,,,,,,1
5,1.0619755744934083,0.042458641952435344,0.0019992828369140626,4.90933901833868e-07,64,0.01,"{'batch_size': 64, 'learning_rate': 0.01}",1.0,0.9583333333333334,0.8333333333333334,0.9166666666666666,0.8333333333333334,0.9083333333333334,0.06666666666666665,6,,,,,,,,1
6,0.5374666690826416,0.27890318263824626,0.002200746536254883,0.0004001148976487804,64,0.1,"{'batch_size': 64, 'learning_rate': 0.1}",0.9583333333333334,0.9166666666666666,0.8333333333333334,0.9583333333333334,0.9166666666666666,0.9166666666666667,0.045643546458763846,3,,,,,,,,1
7,0.23937182426452636,0.03543182365376248,0.0012018680572509766,0.0004003135556369263,64,1.0,"{'batch_size': 64, 'learning_rate': 1.0}",1.0,0.875,0.9583333333333334,0.9583333333333334,0.9583333333333334,0.95,0.04082482904638631,1,,,,,,,,1
