,mean_fit_time,std_fit_time,mean_score_time,std_score_time,param_batch_size,param_learning_rate,params,split0_test_accuracy,split1_test_accuracy,split2_test_accuracy,split3_test_accuracy,split4_test_accuracy,mean_test_accuracy,std_test_accuracy,rank_test_accuracy,split0_test_roc_auc,split1_test_roc_auc,split2_test_roc_auc,split3_test_roc_auc,split4_test_roc_auc,mean_test_roc_auc,std_test_roc_auc,rank_test_roc_auc
0,1.3678969860076904,0.026136000784441338,0.08494939804077148,0.004264591629124881,32,0.001,"{'batch_size': 32, 'learning_rate': 0.001}",0.5416666666666666,0.4583333333333333,0.5,0.375,0.625,0.5,0.08333333333333334,8,,,,,,,,1
1,1.3817660808563232,0.04204598154887371,0.07974858283996582,0.0023490545343469436,32,0.01,"{'batch_size': 32, 'learning_rate': 0.01}",0.5833333333333334,0.5,0.5,0.375,0.625,0.5166666666666667,0.08579691784155835,6,,,,,,,,1
2,0.704775333404541,0.5473806945889755,0.036754798889160153,0.0426160876111366,32,0.1,"{'batch_size': 32, 'learning_rate': 0.1}",0.75,0.5833333333333334,0.6666666666666666,0.7083333333333334,0.5833333333333334,0.6583333333333334,0.06666666666666665,3,,,,,,,,1
3,0.24656262397766113,0.033300010461788515,0.001954936981201172,0.0005446970488562419,32,1.0,"{'batch_size': 32, 'learning_rate': 1.0}",0.5416666666666666,0.7916666666666666,0.625,0.7083333333333334,0.9166666666666666,0.7166666666666666,0.13017082793177756,1,,,,,,,,1
4,0.886420202255249,0.016307528302945108,0.0009076118469238282,0.0018152236938476566,64,0.001,"{'batch_size': 64, 'learning_rate': 0.001}",0.625,0.4583333333333333,0.5,0.375,0.5833333333333334,0.5083333333333333,0.08897565210026094,7,,,,,,,,1
5,0.9791164875030518,0.04727657737304353,0.0012043476104736327,0.001475018715376865,64,0.01,"{'batch_size': 64, 'learning_rate': 0.01}",0.625,0.4583333333333333,0.5416666666666666,0.375,0.625,0.525,0.097182531580755,5,,,,,,,,1
6,0.5900506019592285,0.345373358548741,0.0022116661071777343,0.0023240413899880017,64,0.1,"{'batch_size': 64, 'learning_rate': 0.1}",0.6666666666666666,0.5833333333333334,0.6666666666666666,0.75,0.8333333333333334,0.7,0.08498365855987976,2,,,,,,,,1
7,0.2122340202331543,0.024824274920898944,0.0010116100311279297,0.0020232200622558594,64,1.0,"{'batch_size': 64, 'learning_rate': 1.0}",0.75,0.5833333333333334,0.5833333333333334,0.75,0.5833333333333334,0.6500000000000001,0.08164965809277258,4,,,,,,,,1
