,mean_fit_time,std_fit_time,mean_score_time,std_score_time,param_batch_size,param_learning_rate,params,split0_test_accuracy,split1_test_accuracy,split2_test_accuracy,split3_test_accuracy,split4_test_accuracy,mean_test_accuracy,std_test_accuracy,rank_test_accuracy,split0_test_roc_auc,split1_test_roc_auc,split2_test_roc_auc,split3_test_roc_auc,split4_test_roc_auc,mean_test_roc_auc,std_test_roc_auc,rank_test_roc_auc
0,1.816467809677124,0.09119658577839969,0.1224522590637207,0.002860215625503789,32,0.001,"{'batch_size': 32, 'learning_rate': 0.001}",0.625,0.4166666666666667,0.4166666666666667,0.4583333333333333,0.7916666666666666,0.5416666666666667,0.1467234738471584,5,,,,,,,,1
1,1.683812665939331,0.0561069049750401,0.13167638778686525,0.01608507658877877,32,0.01,"{'batch_size': 32, 'learning_rate': 0.01}",0.625,0.375,0.7916666666666666,0.5,0.5416666666666666,0.5666666666666667,0.13844373104863458,3,,,,,,,,1
2,0.8606431007385253,0.6888251623820218,0.06560935974121093,0.08013047594389665,32,0.1,"{'batch_size': 32, 'learning_rate': 0.1}",0.7083333333333334,0.4166666666666667,0.5,0.4583333333333333,0.5833333333333334,0.5333333333333334,0.10341394704992382,7,,,,,,,,1
3,0.3065804958343506,0.022602880872896684,0.002704620361328125,0.0034927232582111192,32,1.0,"{'batch_size': 32, 'learning_rate': 1.0}",0.6666666666666666,0.5416666666666666,0.75,0.4583333333333333,0.5416666666666666,0.5916666666666666,0.10341394704992382,2,,,,,,,,1
4,1.0435330867767334,0.11164883980292518,0.002910757064819336,0.0029432944204207524,64,0.001,"{'batch_size': 64, 'learning_rate': 0.001}",0.625,0.4166666666666667,0.4583333333333333,0.4583333333333333,0.75,0.5416666666666666,0.12638125740085918,6,,,,,,,,1
5,1.002461814880371,0.06111958303731234,0.002611875534057617,0.0022559079728640056,64,0.01,"{'batch_size': 64, 'learning_rate': 0.01}",0.6666666666666666,0.375,0.6666666666666666,0.5,0.5416666666666666,0.5499999999999999,0.10992421631894098,4,,,,,,,,1
6,0.5822634220123291,0.3615838573510081,0.0027066707611083985,0.0024051851624297127,64,0.1,"{'batch_size': 64, 'learning_rate': 0.1}",0.5833333333333334,0.375,0.5,0.4166666666666667,0.5833333333333334,0.4916666666666667,0.08498365855987976,8,,,,,,,,1
7,0.2350245475769043,0.025329953585035942,0.0028179645538330077,0.0017392421541998087,64,1.0,"{'batch_size': 64, 'learning_rate': 1.0}",0.5833333333333334,0.5833333333333334,0.75,0.5,0.625,0.6083333333333334,0.0816496580927726,1,,,,,,,,1
