,mean_fit_time,std_fit_time,mean_score_time,std_score_time,param_batch_size,param_learning_rate,params,split0_test_accuracy,split1_test_accuracy,split2_test_accuracy,split3_test_accuracy,split4_test_accuracy,mean_test_accuracy,std_test_accuracy,rank_test_accuracy,split0_test_roc_auc,split1_test_roc_auc,split2_test_roc_auc,split3_test_roc_auc,split4_test_roc_auc,mean_test_roc_auc,std_test_roc_auc,rank_test_roc_auc
0,1.185615873336792,0.012472060986105885,0.08267931938171387,0.006070479554897548,32,0.001,"{'batch_size': 32, 'learning_rate': 0.001}",0.5416666666666666,0.75,0.5416666666666666,0.6666666666666666,0.6666666666666666,0.6333333333333332,0.08079466429027217,5,,,,,,,,1
1,1.1860383033752442,0.016045245580659392,0.07505178451538086,0.012115796434484056,32,0.01,"{'batch_size': 32, 'learning_rate': 0.01}",0.5833333333333334,0.7083333333333334,0.625,0.6666666666666666,0.75,0.6666666666666667,0.05892556509887895,2,,,,,,,,1
2,0.5762461185455322,0.4625904639142194,0.03183164596557617,0.03899045640069021,32,0.1,"{'batch_size': 32, 'learning_rate': 0.1}",0.5833333333333334,0.7083333333333334,0.4583333333333333,0.625,0.7916666666666666,0.6333333333333333,0.1130388330520878,4,,,,,,,,1
3,0.19442338943481446,0.007397085226592401,0.0,0.0,32,1.0,"{'batch_size': 32, 'learning_rate': 1.0}",0.5833333333333334,0.5416666666666666,0.5833333333333334,0.6666666666666666,0.75,0.625,0.07453559924999298,6,,,,,,,,1
4,0.8248130321502686,0.04502023777843814,0.0,0.0,64,0.001,"{'batch_size': 64, 'learning_rate': 0.001}",0.5833333333333334,0.7916666666666666,0.5416666666666666,0.5,0.6666666666666666,0.6166666666666666,0.10341394704992378,7,,,,,,,,1
5,0.8260590553283691,0.035721247181292624,0.0,0.0,64,0.01,"{'batch_size': 64, 'learning_rate': 0.01}",0.5833333333333334,0.7083333333333334,0.625,0.7083333333333334,0.75,0.675,0.06123724356957945,1,,,,,,,,1
6,0.4534896373748779,0.29376548755777315,0.0029831409454345705,0.005966281890869141,64,0.1,"{'batch_size': 64, 'learning_rate': 0.1}",0.5833333333333334,0.7083333333333334,0.5,0.5,0.75,0.6083333333333334,0.10408329997330663,8,,,,,,,,1
7,0.18600220680236818,0.0076779323606251376,0.0,0.0,64,1.0,"{'batch_size': 64, 'learning_rate': 1.0}",0.6666666666666666,0.5,0.5833333333333334,0.6666666666666666,0.7916666666666666,0.6416666666666666,0.09718253158075499,3,,,,,,,,1
