,mean_fit_time,std_fit_time,mean_score_time,std_score_time,param_batch_size,param_learning_rate,params,split0_test_accuracy,split1_test_accuracy,split2_test_accuracy,split3_test_accuracy,split4_test_accuracy,mean_test_accuracy,std_test_accuracy,rank_test_accuracy,split0_test_roc_auc,split1_test_roc_auc,split2_test_roc_auc,split3_test_roc_auc,split4_test_roc_auc,mean_test_roc_auc,std_test_roc_auc,rank_test_roc_auc
0,1.2680514812469483,0.02158482584548317,0.10215654373168945,0.009050628236586655,32,0.001,"{'batch_size': 32, 'learning_rate': 0.001}",0.5416666666666666,0.5416666666666666,0.5833333333333334,0.7083333333333334,0.625,0.6,0.06236095644623238,1,,,,,,,,1
1,1.3168893814086915,0.023266908070662867,0.1017303466796875,0.006837010161412292,32,0.01,"{'batch_size': 32, 'learning_rate': 0.01}",0.5416666666666666,0.5416666666666666,0.625,0.6666666666666666,0.5833333333333334,0.5916666666666667,0.04859126579037751,3,,,,,,,,1
2,0.6548069477081299,0.5017897990498834,0.0450437068939209,0.05111047560871049,32,0.1,"{'batch_size': 32, 'learning_rate': 0.1}",0.625,0.5416666666666666,0.5,0.5416666666666666,0.625,0.5666666666666667,0.05,6,,,,,,,,1
3,0.2466644287109375,0.016998183659107716,0.0022133350372314452,0.0027279732364996943,32,1.0,"{'batch_size': 32, 'learning_rate': 1.0}",0.5416666666666666,0.4166666666666667,0.5,0.20833333333333334,0.625,0.4583333333333333,0.14191155304938666,8,,,,,,,,1
4,0.937715721130371,0.0365495234883577,0.0025141239166259766,0.0031763699616561137,64,0.001,"{'batch_size': 64, 'learning_rate': 0.001}",0.5416666666666666,0.5416666666666666,0.5416666666666666,0.75,0.625,0.6,0.08164965809277262,1,,,,,,,,1
5,0.957683801651001,0.039856042393932346,0.0022092342376708986,0.0027253262269017987,64,0.01,"{'batch_size': 64, 'learning_rate': 0.01}",0.5416666666666666,0.5416666666666666,0.5833333333333334,0.6666666666666666,0.5833333333333334,0.5833333333333333,0.045643546458763846,5,,,,,,,,1
6,0.5470691680908203,0.32281191632413375,0.002812099456787109,0.003665641204130297,64,0.1,"{'batch_size': 64, 'learning_rate': 0.1}",0.625,0.5416666666666666,0.5,0.6666666666666666,0.625,0.5916666666666666,0.06123724356957945,4,,,,,,,,1
7,0.24674539566040038,0.020345409773411687,0.001608562469482422,0.002071131958930146,64,1.0,"{'batch_size': 64, 'learning_rate': 1.0}",0.4166666666666667,0.5416666666666666,0.5416666666666666,0.6666666666666666,0.625,0.5583333333333333,0.08579691784155832,7,,,,,,,,1
