,mean_fit_time,std_fit_time,mean_score_time,std_score_time,param_batch_size,param_learning_rate,params,split0_test_accuracy,split1_test_accuracy,split2_test_accuracy,split3_test_accuracy,split4_test_accuracy,mean_test_accuracy,std_test_accuracy,rank_test_accuracy,split0_test_roc_auc,split1_test_roc_auc,split2_test_roc_auc,split3_test_roc_auc,split4_test_roc_auc,mean_test_roc_auc,std_test_roc_auc,rank_test_roc_auc
0,1.1137906551361083,0.025702125878239206,0.07952728271484374,0.004692780205610101,32,0.001,"{'batch_size': 32, 'learning_rate': 0.001}",0.5833333333333334,0.625,0.5416666666666666,0.5833333333333334,0.4166666666666667,0.55,0.07168604389202189,2,,,,,,,,1
1,1.132599687576294,0.010792697128590361,0.08072333335876465,0.0036538072365781527,32,0.01,"{'batch_size': 32, 'learning_rate': 0.01}",0.5,0.625,0.5416666666666666,0.625,0.4166666666666667,0.5416666666666666,0.07905694150420949,5,,,,,,,,1
2,0.5599879741668701,0.43557988335880693,0.03261275291442871,0.037537169963833314,32,0.1,"{'batch_size': 32, 'learning_rate': 0.1}",0.5833333333333334,0.5833333333333334,0.5833333333333334,0.625,0.4166666666666667,0.5583333333333333,0.0726483157256779,1,,,,,,,,1
3,0.19265942573547362,0.020955543074823467,0.0020001411437988283,4.862803948967728e-07,32,1.0,"{'batch_size': 32, 'learning_rate': 1.0}",0.5,0.75,0.5416666666666666,0.5416666666666666,0.375,0.5416666666666666,0.12076147288491199,5,,,,,,,,1
4,0.7823105335235596,0.027164347147696975,0.0019997596740722657,7.62939453125e-07,64,0.001,"{'batch_size': 64, 'learning_rate': 0.001}",0.5,0.6666666666666666,0.5416666666666666,0.625,0.4166666666666667,0.5499999999999999,0.08897565210026091,3,,,,,,,,1
5,0.7961509704589844,0.019551237934753857,0.0014011859893798828,0.0004898832210441735,64,0.01,"{'batch_size': 64, 'learning_rate': 0.01}",0.5,0.5833333333333334,0.5416666666666666,0.5416666666666666,0.4166666666666667,0.5166666666666666,0.0565194165260439,7,,,,,,,,1
6,0.4488517761230469,0.2888309196022305,0.0016464710235595704,0.0003966109337700217,64,0.1,"{'batch_size': 64, 'learning_rate': 0.1}",0.5416666666666666,0.5416666666666666,0.5833333333333334,0.5416666666666666,0.375,0.5166666666666666,0.0726483157256779,7,,,,,,,,1
7,0.1863879680633545,0.02083082742501524,0.0011556148529052734,0.00022090054554509432,64,1.0,"{'batch_size': 64, 'learning_rate': 1.0}",0.5,0.625,0.5833333333333334,0.625,0.375,0.5416666666666667,0.0950146187582615,4,,,,,,,,1
