,mean_fit_time,std_fit_time,mean_score_time,std_score_time,param_batch_size,param_learning_rate,params,split0_test_accuracy,split1_test_accuracy,split2_test_accuracy,split3_test_accuracy,split4_test_accuracy,mean_test_accuracy,std_test_accuracy,rank_test_accuracy,split0_test_roc_auc,split1_test_roc_auc,split2_test_roc_auc,split3_test_roc_auc,split4_test_roc_auc,mean_test_roc_auc,std_test_roc_auc,rank_test_roc_auc
0,1.6800697326660157,0.06483293880509314,0.09402318000793457,0.009204064592130995,32,0.001,"{'batch_size': 32, 'learning_rate': 0.001}",1.0,0.9166666666666666,0.9583333333333334,0.9583333333333334,0.9583333333333334,0.9583333333333334,0.026352313834736508,7,,,,,,,,1
1,1.4121549129486084,0.02813989079835182,0.09021496772766113,0.005195044522751585,32,0.01,"{'batch_size': 32, 'learning_rate': 0.01}",1.0,0.9583333333333334,1.0,0.9583333333333334,0.9583333333333334,0.975,0.020412414523193135,3,,,,,,,,1
2,0.6891076564788818,0.5123314336497868,0.04020819664001465,0.04685946578237287,32,0.1,"{'batch_size': 32, 'learning_rate': 0.1}",1.0,0.9583333333333334,1.0,0.9583333333333334,0.9583333333333334,0.975,0.020412414523193135,3,,,,,,,,1
3,0.2577263832092285,0.04943380687348135,0.0029060840606689453,0.0021128797875005793,32,1.0,"{'batch_size': 32, 'learning_rate': 1.0}",1.0,0.9583333333333334,1.0,0.9583333333333334,1.0,0.9833333333333334,0.02041241452319313,1,,,,,,,,1
4,1.5931239604949952,0.0980952401318629,0.002005195617675781,6.96671979916749e-06,64,0.001,"{'batch_size': 64, 'learning_rate': 0.001}",1.0,0.9166666666666666,0.9583333333333334,0.9166666666666666,0.9583333333333334,0.95,0.0311804782231162,8,,,,,,,,1
5,1.4489712715148926,0.0272537355722854,0.0023039817810058595,0.00040348140731424686,64,0.01,"{'batch_size': 64, 'learning_rate': 0.01}",1.0,0.9583333333333334,1.0,0.9583333333333334,0.9583333333333334,0.975,0.020412414523193135,3,,,,,,,,1
6,0.644486379623413,0.43513906172647865,0.0017257213592529296,0.000615338804059377,64,0.1,"{'batch_size': 64, 'learning_rate': 0.1}",1.0,1.0,1.0,0.9166666666666666,0.9583333333333334,0.975,0.03333333333333334,3,,,,,,,,1
7,0.25842700004577634,0.025421200102982,0.001524639129638672,0.000475208299443048,64,1.0,"{'batch_size': 64, 'learning_rate': 1.0}",1.0,1.0,1.0,0.9583333333333334,0.9583333333333334,0.9833333333333334,0.02041241452319313,1,,,,,,,,1
