,mean_fit_time,std_fit_time,mean_score_time,std_score_time,param_batch_size,param_learning_rate,params,split0_test_accuracy,split1_test_accuracy,split2_test_accuracy,split3_test_accuracy,split4_test_accuracy,mean_test_accuracy,std_test_accuracy,rank_test_accuracy,split0_test_roc_auc,split1_test_roc_auc,split2_test_roc_auc,split3_test_roc_auc,split4_test_roc_auc,mean_test_roc_auc,std_test_roc_auc,rank_test_roc_auc
0,1.1082440853118896,0.057774535560868645,0.07854080200195312,6.099043638351243e-06,32,0.001,"{'batch_size': 32, 'learning_rate': 0.001}",0.6666666666666666,0.5,0.6666666666666666,0.5833333333333334,0.7083333333333334,0.625,0.07453559924999298,3,,,,,,,,1
1,1.1600519657135009,0.03160435408123835,0.07854208946228028,2.4567342683266373e-05,32,0.01,"{'batch_size': 32, 'learning_rate': 0.01}",0.75,0.5,0.5416666666666666,0.5416666666666666,0.7916666666666666,0.6249999999999999,0.12076147288491199,4,,,,,,,,1
2,0.5654970169067383,0.44715746312411636,0.02820582389831543,0.03487883798304641,32,0.1,"{'batch_size': 32, 'learning_rate': 0.1}",0.7083333333333334,0.5,0.5833333333333334,0.5833333333333334,0.7916666666666666,0.6333333333333334,0.1034139470499238,2,,,,,,,,1
3,0.17780156135559083,0.008828595656578045,0.0,0.0,32,1.0,"{'batch_size': 32, 'learning_rate': 1.0}",0.7083333333333334,0.5833333333333334,0.5416666666666666,0.7083333333333334,0.5,0.6083333333333334,0.08579691784155836,5,,,,,,,,1
4,0.9012983798980713,0.06639739185366156,0.0031244754791259766,0.006248950958251953,64,0.001,"{'batch_size': 64, 'learning_rate': 0.001}",0.5833333333333334,0.5,0.625,0.625,0.7083333333333334,0.6083333333333334,0.06770032003863301,5,,,,,,,,1
5,0.9046130657196045,0.04293835106158989,0.001703500747680664,0.003407001495361328,64,0.01,"{'batch_size': 64, 'learning_rate': 0.01}",0.7916666666666666,0.4583333333333333,0.5833333333333334,0.5,0.7083333333333334,0.6083333333333334,0.12527746981977425,5,,,,,,,,1
6,0.4730240821838379,0.2877338330928999,0.0,0.0,64,0.1,"{'batch_size': 64, 'learning_rate': 0.1}",0.75,0.5,0.5833333333333334,0.5833333333333334,0.7916666666666666,0.6416666666666667,0.11055415967851333,1,,,,,,,,1
7,0.18318486213684082,0.021032532361353596,0.0,0.0,64,1.0,"{'batch_size': 64, 'learning_rate': 1.0}",0.7083333333333334,0.5416666666666666,0.4583333333333333,0.5416666666666666,0.7083333333333334,0.5916666666666667,0.10000000000000003,8,,,,,,,,1
